{
    "imagepath": "/home/spasz/python/aisp-tools/yaya/input/vlcsnap-2024-06-25-23h29m18s636.png",
    "width": 1024,
    "height": 574,
    "hue": 86.50798773682492,
    "saturation": 33.86971057001307,
    "brightness": 128.80985273301394,
    "dhash": 0.07049850164912641,
    "isDuplicate": false
}