{
    "imagepath": "/home/spasz/python/aisp-tools/yaya/input/vlcsnap-2024-06-25-23h30m12s431.png",
    "width": 1024,
    "height": 574,
    "hue": 93.9215092143946,
    "saturation": 30.389439174107142,
    "brightness": 127.75924501851046,
    "dhash": 0.07049754704348743,
    "isDuplicate": false
}