{
    "imagepath": "/home/spasz/python/aisp-tools/yaya/input/vlcsnap-2024-06-25-23h30m25s662.png",
    "width": 1024,
    "height": 574,
    "hue": 79.02487171983886,
    "saturation": 38.64986491452526,
    "brightness": 153.33107170078398,
    "dhash": 0.074427809289773,
    "isDuplicate": false
}