{
    "imagepath": "/home/spasz/python/aisp-tools/yaya/input/vlcsnap-2024-06-25-23h30m00s296.png",
    "width": 1024,
    "height": 574,
    "hue": 83.58501197735191,
    "saturation": 36.59842695176394,
    "brightness": 135.44656297637195,
    "dhash": 0.009812159172724932,
    "isDuplicate": false
}