{
    "imagepath": "/home/spasz/python/aisp-tools/yaya/input/vlcsnap-2024-06-25-23h29m42s570.png",
    "width": 1024,
    "height": 574,
    "hue": 93.31529528255662,
    "saturation": 30.304160088196863,
    "brightness": 132.50910380825349,
    "dhash": 0.07052949868375435,
    "isDuplicate": false
}