{
    "imagepath": "/home/spasz/python/aisp-tools/yaya/input/vlcsnap-2024-06-25-23h29m10s666.png",
    "width": 1024,
    "height": 574,
    "hue": 95.20752293390679,
    "saturation": 29.670326791158537,
    "brightness": 131.57501837434668,
    "dhash": 0.07049754704348743,
    "isDuplicate": false
}