{
    "imagepath": "/home/spasz/python/aisp-tools/yaya/input/vlcsnap-2024-06-25-23h30m09s559.png",
    "width": 1024,
    "height": 574,
    "hue": 87.95463577961672,
    "saturation": 30.930262548998257,
    "brightness": 128.37889263937282,
    "dhash": 0.19940428133122623,
    "isDuplicate": false
}