{
    "imagepath": "/home/spasz/python/aisp-tools/yaya/input/vlcsnap-2024-06-25-23h30m05s355.png",
    "width": 1024,
    "height": 574,
    "hue": 77.23965081935975,
    "saturation": 35.56254593586672,
    "brightness": 135.8174338523519,
    "dhash": 0.0709412626165431,
    "isDuplicate": false
}