{
    "imagepath": "/home/spasz/python/aisp-tools/yaya/input/vlcsnap-2024-06-25-23h30m26s835.png",
    "width": 1024,
    "height": 574,
    "hue": 86.91374775424651,
    "saturation": 33.07795656848867,
    "brightness": 159.90929707915942,
    "dhash": 0.07445883445325308,
    "isDuplicate": false
}